cluster;activities;terms;examples;given_name
0;45;histórias, livro, livros, leitura, biblioteca, encontro, sobre, literatura, contos, novos, escrita, autora;A TERRA DÁ, A TERRA QUER: RODA DE LEITURA E VIVÊNCIA COLETIVA – COM EQUIPE BIBLIOTECA | CONTAÇÃO DE HISTÓRIA: HISTÓRIAS VIAJANTES – COM CIA. DAS RUTES | ENCONTRO COM O AUTOR – ROMEU E JULIETA A PRIMEIRA VERSÃO IN-QUARTO COM RICARDO CARDOSO | SANKOFA: CAÇA AO TESOURO ANCESTRAL – COM EQUIPE BIBLIOTECA | PALAVRA VIVA: PROVÉRBIOS, ADIVINHAS E SABEDORIA DE RODA – COM EQUIPE BIBLIOTECA | SESSÃO GEEK: ANIMES E CARTOONS NA BIBLIOTECA – COM EQUIPE BIBLIOTECA;Literatura e Leitura
1;54;yoga, movimento, aula, corporal, prática, bem, dança, respiração, exercícios, corpo, autocuidado, ginástica;"STYLE WORKSHOPS DANCE | Move Flow | Casa Zen: Yoga e meditação com Veena | Treino Coletivo de Ginástica Multifuncional | Oficina de Danças Circulares ""Inspire a Dança, Expire e Dance"" | Roda Aberta de Danças Circulares ""Inspire a Dança, Expire e Dance""";Atividade Física e Bem-Estar
2;36;arte, literatura, cultural, sobre, hip, hop, encontro, negra, artistas, resistência, cultura, música;FELIZS – FEIRA LITERARIA DA ZONA SUL 2026 | FELIZS – FEIRA LITERARIA DA ZONA SUL 2026 | ENCONTRO COM O AUTOR – BURAQUINHOS COM JHONNY SALABERG | OFICINA DE BREAKING – COM EQUIPE BIBLIOTECA | DO NORDESTE PARA O MUNDO COM MANNO G | FESTIVAL ENCRESPADES;Cultura e Identidade
3;47;espetáculo, fábrica, circo, cultura, taipas, festival, artes, musical, palco, música, teatro, show;CINEMA DE TERROR DIVERTIDO – COM EQUIPE BIBLIOTECA | HISTÓRIAS CANTADAS COM MORGANA ROSA | ESPETÁCULO INFANTIL – SHREK’S SHOW | PICADEIRO DA BRASA: O CIRCO CHEGOU! | MUNDO MÁGICO: FESTA PARA AS CRIANÇAS | FESTIVAL DE ARTES DA FÁBRICA DE CULTURA EM TAIPAS – SHOW DE CALOUROS COM PALCO ABERTO;Shows, Espetáculos e Performances
4;26;aquáticas, bicicleta, nado, dermatológico, exame, físico, corrida, água, esporte, sesc, atividades, anos;Corrida nas Rampas | Aprendendo a Pedalar | Treinando com  Cris Souza | Esporte Adulto - Iniciação à Corrida | Práticas Aquáticas - A partir de 12 anos | Condicionamento Físico Aquático;Esporte
5;36;orquestra, musical, música, instrumentos, instrumento, paulo, violoncelo, grupo, violino, violão, jovem, usp;BLOQUINHO DEF – OFICINA DE PERCUSSÃO | COM LIBRAS | CONCERTO DE NATAL – CRIAR E TOCAR: ORQUESTRA E CORO | Vaisy Alencar Trio | Canto - Continuidade | Sopros – Madeiras (Flauta Transversal, Clarinete e Saxofone) – Iniciação | Violão Popular - Continuidade;Música
6;54;sobre, 10, educação, encontro, curso, dia, história, arte, vida, digital, pesquisa, partir;POR DETRÁS DAS MASCARAS: SETEMBRO DE ESCUTA E ACOLHIMENTO | HISTÓRIA E CULTURA AFRO-BRASILEIRA E AFRICANA | ACESSIBILIDADE METODOLÓGICA PARA CULTURA E EDUCAÇÃO | ENTRE SABERES E TERRITÓRIOS – SANTA CECÍLIA | Mostra Tecnologias de Todos os Tempos - 80 anos | Digital de Bolso: Verdade em disputa na era da desinformação;Sociedade e Debates
7;40;técnicas, pré, têxtil, oficina, peças, modelagem, cerâmica, arte, costura, confecção, tecelagem, participantes;CRIANDO CURRÍCULO COM FERRAMENTAS DIGITAIS – COM EQUIPE BIBLIOTECA | CRIANDO COM MIÇANGAS – COM EQUIPE BIBLIOTECA | ANTES DA ANIMAÇÃO: BRINQUEDOS ÓPTICOS – COM EQUIPE BIBLIOTECA | DIA DO SACI | JAXY JATERÊ – CONFECÇÃO DE MARCA PÁGINAS COM EQUIPE BIBLIOTECA | Bolsa de crochê | PapelETA: Kirigami;Artesanato
8;59;esporte, recreação, mesa, modalidade, esportiva, atividade, tênis, prática, vivência, sesc, participantes, jogo;Vivência de Rope Skipping | Jogo Poullball na Brasilândia | Vivência de Paraskate | Mini Tênis de Mesa - Metrô Barra Funda | Vivência de Skate | Treino de corrida;Esporte
9;48;crianças, brincar, brincadeiras, espaço, bebês, imaginação, histórias, vivência, jogos, explorar, atividade, experiência;CONTAÇÃO DE HISTÓRIA: GPS DA ANCESTRALIDADE + ARTETERAPIA COM FRANCINE SANENE | JARDIM SECRETO – UM DIA PLANTANDO SONHOS COM EQUIPE BIBLIOTECA | SEMANA DAS CRIANÇAS NA FÁBRICA | FAVELA NO TOQUE: UMA EXPERIÊNCIA SENSORIAL | ABEBÉ DA MEMÓRIA: OFICINA PERFORMANCE PARA CRIANÇAS – COM COLETIVO AJÔ ARÔ | A CAIXA DE BRINCADEIRAS DA BIBLIOTECA JSL | MEMÓRIAS DO BRINCAR QUE CONECTAM DIFERENTES GERAÇÕES – COM EQUIPE BIBLIOTECA;Infância e Brincadeiras
10;56;cinema, indicativa, 11, direção, gênero, filme, anos, filmes, ficçãoclassificação, documentárioclassificação, exibição, brasil;ESPETÁCULO TEATRAL INFANTIL: TEM UM GATO NO NINHO DA GALINHA | BIBLIOCINE: UMA FAMÍLIA DE ARREPIAR – COM EQUIPE BIBLIOTECA | CINE FÁBRICA ESPECIAL ‘DIA DO ANIME’ | TOYTECA: CINEMA NA BIBLIOTECA – COM EQUIPE BIBLIOTECA | ANTIRRACISTA: CINEMA AO AR LIVRE NA FÁBRICA DE CULTURA | Paixão Simples;Cinema
11;21;sustentável, virada, sustentabilidade, ambiental, comunidade, crianças, cultura, oficina, sustentáveis, festival, reciclagem, jardim;FESTIVAL CAS DE ARTE | PLANETA OCA: MEDIAÇÃO DE LEITURA – COM EQUIPE BIBLIOTECA | FESTIVAL DAS CRIANÇAS – FIM DE SEMANA 2026 | OUTUBRO ROSA: SAÚDE DA MULHER EM PAUTA | SUSTENTABILIDADE E RECICLAGEM – COM EQUIPE BIBLIOTECA | OFICINA CRIATIVA – VIRADA SUSTENTÁVEL;Reciclagem e Sustentabilidade
12;64;artes, criação, fotografia, curso, pintura, arte, oficina, participantes, visuais, artista, visual, imagens;DESESTRESSAR PINTANDO: A ARTE DE RELAXAR COM LIVROS DE COLORIR – COM EQUIPE BIBLIOTECA | OFICINA DE TIRINHA AUTOBIOGRÁFICA PARA POSTAR NO FEED – COM FELIPE PARUCCI | COLORINDO COM TINTAS NATURAIS – COM EQUIPE BIBLIOTECA | ENTRE CORES E BRINCADEIRAS | LABORATÓRIO DE PROCESSO DE CRIAÇÃO ARTÍSTICA | OFICINA DE CINE GUERRILHA – COM EQUIPE BIBLIOTECA;Artes Visuais
13;17;permacultura, plantas, alimentar, medicinais, cidade, natureza, alimentos, autonomia, urbanos, produção, cuidados, dia;MANEJO AGROECOLÓGICO E IMPRESSÃO BOTÂNICA | COM LIBRAS | SEMEANDO FLORES – COM EQUIPE BIBLIOTECA | PLANTAS MEDICINAIS: SABERES, USOS E CUIDADOS | Feira agroecológica e da Agricultura Familiar | É Dia de Feira! | Natureza e Bem-Estar: Descubra Poços de Caldas (MG);Plantas e Alimentação
14;40;capão, samba, cultura, fábrica, 14, música, anos, redondo, álbum, celebrando, celebração, show;AMOR, E AÍ? – UM PASSEIO MUSICAL POR DARLENE MARAVILHA | BLOCO REGGAE – GUETHO DANCE POSSE | FESTIVAL DE ARTES DA FÁBRICA DE CULTURA EM TAIPAS | DJ SONORA EMBALA A FESTA | FESTIVAL IMPÉRIO NAGÔ – PRETO & ARTE COMBINAM! | ESPECIAL CONSCIÊNCIA NEGRA | NOVEMBRO NEGRO: VIVÊNCIA DE DANÇA AFRO, COM VICTOR JULIÃO | FÁBRICA CAPÃO 14 ANOS – INTERVENÇÃO CIRCENSE COM PERNAS DE PAU;Shows, Espetáculos e Performances
15;50;esporte, vagas, inscrição, credencial, mês, feira, quinta, 18h, valores, sescsp, org, disponibilizadas;Juventudes ZN | Curumim | Esporte Adulto - Vôlei | Esporte para Pessoas Idosas - Multimodalidades | Esporte Jovem -  De 10 a 13 anos | Esporte Adulto - Handebol;Esporte
